{"botName": "LHP001z", "maxPairs": "5", "maxOpen": "1", "openOrderIsolationPercentage": "50", "tradingMode": "1", "tradePairs": "1", "fundingRateThreshold": true, "maxFundingRate": "0.001", "tradingAge": "14", "marginType": "isolated", "refreshTime": "15", "lhpcKey": "ALPHA", "coins": [{"symbol": "1INCH", "longoffset": 7, "shortoffset": 7, "lickvalue": 2261.02, "var_enabled": true, "var_staticList": true, "var_whiteList": false, "var_blackList": false, "tmp_onboarded": "1608777359768", "tmp_color": "Black"}, {"symbol": "AAVE", "longoffset": 7, "shortoffset": 7, "lickvalue": 5421.81, "var_enabled": true, "var_staticList": true, "var_whiteList": false, "var_blackList": false, "tmp_onboarded": "1602729359971", "tmp_color": "Black"}, {"symbol": "ADA", "longoffset": 7, "shortoffset": 7, "lickvalue": 4116.530000000001, "var_enabled": true, "var_staticList": true, "var_whiteList": false, "var_blackList": false, "tmp_onboarded": "1580351760174", "tmp_color": "Black"}, {"symbol": "AKRO", "longoffset": 7, "shortoffset": 7, "lickvalue": 1725.18, "var_enabled": true, "var_staticList": true, "var_whiteList": false, "var_blackList": false, "tmp_onboarded": "1610937360409", "tmp_color": "Black"}, {"symbol": "ALGO", "longoffset": 7, "shortoffset": 7, "lickvalue": 1759.42, "var_enabled": true, "var_staticList": true, "var_whiteList": false, "var_blackList": false, "tmp_onboarded": "1592188560643", "tmp_color": "Black"}, {"symbol": "ALICE", "longoffset": 7, "shortoffset": 7, "lickvalue": 1925.15, "var_enabled": true, "var_staticList": true, "var_whiteList": false, "var_blackList": false, "tmp_onboarded": "1615775760815", "tmp_color": "Black"}, {"symbol": "ALPHA", "longoffset": 7, "shortoffset": 7, "lickvalue": 2508.9300000000003, "var_enabled": true, "var_staticList": true, "var_whiteList": false, "var_blackList": false, "tmp_onboarded": "1606012561002", "tmp_color": "Black"}, {"symbol": "ANKR", "longoffset": 7, "shortoffset": 7, "lickvalue": 1758.01, "var_enabled": true, "var_staticList": true, "var_whiteList": false, "var_blackList": false, "tmp_onboarded": "1611542161299", "tmp_color": "Black"}, {"symbol": "ATOM", "longoffset": 7, "shortoffset": 7, "lickvalue": 2370.29, "var_enabled": true, "var_staticList": true, "var_whiteList": false, "var_blackList": false, "tmp_onboarded": "1580956561487", "tmp_color": "Black"}, {"symbol": "AVAX", "longoffset": 7, "shortoffset": 7, "lickvalue": 2547.16, "var_enabled": true, "var_staticList": true, "var_whiteList": false, "var_blackList": false, "tmp_onboarded": "1600742161659", "tmp_color": "Black"}, {"symbol": "AXS", "longoffset": 7, "shortoffset": 7, "lickvalue": 2062.81, "var_enabled": true, "var_staticList": true, "var_whiteList": false, "var_blackList": false, "tmp_onboarded": "1605753362018", "tmp_color": "Black"}, {"symbol": "BAL", "longoffset": 7, "shortoffset": 7, "lickvalue": 2292.59, "var_enabled": true, "var_staticList": true, "var_whiteList": false, "var_blackList": false, "tmp_onboarded": "1598841362659", "tmp_color": "Black"}, {"symbol": "BAND", "longoffset": 7, "shortoffset": 7, "lickvalue": 2274.16, "var_enabled": true, "var_staticList": true, "var_whiteList": false, "var_blackList": false, "tmp_onboarded": "1595903763002", "tmp_color": "Black"}, {"symbol": "BAT", "longoffset": 7, "shortoffset": 7, "lickvalue": 2064.06, "var_enabled": true, "var_staticList": true, "var_whiteList": false, "var_blackList": false, "tmp_onboarded": "1581474963221", "tmp_color": "Black"}, {"symbol": "BCH", "longoffset": 7, "shortoffset": 7, "lickvalue": 4372.88, "var_enabled": true, "var_staticList": true, "var_whiteList": false, "var_blackList": false, "tmp_onboarded": "1576636563518", "tmp_color": "Black"}, {"symbol": "BEL", "longoffset": 7, "shortoffset": 7, "lickvalue": 1767.16, "var_enabled": true, "var_staticList": true, "var_whiteList": false, "var_blackList": false, "tmp_onboarded": "1605580563690", "tmp_color": "Black"}, {"symbol": "BLZ", "longoffset": 7, "shortoffset": 7, "lickvalue": 1798.82, "var_enabled": true, "var_staticList": true, "var_whiteList": false, "var_blackList": false, "tmp_onboarded": "1600223763940", "tmp_color": "Black"}, {"symbol": "BNB", "longoffset": 7, "shortoffset": 7, "lickvalue": 4410.52, "var_enabled": true, "var_staticList": true, "var_whiteList": false, "var_blackList": false, "tmp_onboarded": "1581215764237", "tmp_color": "Black"}, {"symbol": "BTC", "longoffset": 7, "shortoffset": 7, "lickvalue": 15135.24, "var_enabled": false, "var_staticList": false, "var_whiteList": false, "var_blackList": true, "tmp_onboarded": "1574390164628", "tmp_color": "Gray"}, {"symbol": "BTS", "longoffset": 7, "shortoffset": 7, "lickvalue": 1573.47, "var_enabled": true, "var_staticList": true, "var_whiteList": false, "var_blackList": false, "tmp_onboarded": "1612060564784", "tmp_color": "Black"}, {"symbol": "BTT", "longoffset": 7, "shortoffset": 7, "lickvalue": 1972.71, "var_enabled": true, "var_staticList": true, "var_whiteList": false, "var_blackList": false, "tmp_onboarded": "1617612729305", "tmp_color": "Black"}, {"symbol": "BZRX", "longoffset": 7, "shortoffset": 7, "lickvalue": 2098.74, "var_enabled": true, "var_staticList": true, "var_whiteList": false, "var_blackList": false, "tmp_onboarded": "1599186965018", "tmp_color": "Black"}, {"symbol": "CELR", "longoffset": 7, "shortoffset": 7, "lickvalue": 1813.73, "var_enabled": true, "var_staticList": true, "var_whiteList": false, "var_blackList": false, "tmp_onboarded": "1616898965174", "tmp_color": "Black"}, {"symbol": "CHR", "longoffset": 7, "shortoffset": 7, "lickvalue": 1740.96, "var_enabled": true, "var_staticList": true, "var_whiteList": false, "var_blackList": false, "tmp_onboarded": "1615430165331", "tmp_color": "Black"}, {"symbol": "CHZ", "longoffset": 7, "shortoffset": 7, "lickvalue": 2293.96, "var_enabled": false, "var_staticList": false, "var_whiteList": false, "var_blackList": true, "tmp_onboarded": "1611110165487", "tmp_color": "Gray"}, {"symbol": "COMP", "longoffset": 7, "shortoffset": 7, "lickvalue": 1775.82, "var_enabled": true, "var_staticList": true, "var_whiteList": false, "var_blackList": false, "tmp_onboarded": "1593398165768", "tmp_color": "Black"}, {"symbol": "COTI", "longoffset": 7, "shortoffset": 7, "lickvalue": 2621.38, "var_enabled": true, "var_staticList": true, "var_whiteList": false, "var_blackList": false, "tmp_onboarded": "1615257365940", "tmp_color": "Black"}, {"symbol": "CRV", "longoffset": 7, "shortoffset": 7, "lickvalue": 2304.8900000000003, "var_enabled": true, "var_staticList": true, "var_whiteList": false, "var_blackList": false, "tmp_onboarded": "1598841366284", "tmp_color": "Black"}, {"symbol": "CTK", "longoffset": 7, "shortoffset": 7, "lickvalue": 2122.9, "var_enabled": true, "var_staticList": true, "var_whiteList": false, "var_blackList": false, "tmp_onboarded": "1605666966534", "tmp_color": "Black"}, {"symbol": "CVC", "longoffset": 7, "shortoffset": 7, "lickvalue": 1538.55, "var_enabled": true, "var_staticList": true, "var_whiteList": false, "var_blackList": false, "tmp_onboarded": "1604975766846", "tmp_color": "Black"}, {"symbol": "DASH", "longoffset": 7, "shortoffset": 7, "lickvalue": 1680.29, "var_enabled": true, "var_staticList": true, "var_whiteList": false, "var_blackList": false, "tmp_onboarded": "1580697367518", "tmp_color": "Black"}, {"symbol": "DEFI", "longoffset": 7, "shortoffset": 7, "lickvalue": 1684.44, "var_enabled": true, "var_staticList": true, "var_whiteList": false, "var_blackList": false, "tmp_onboarded": "1598495767706", "tmp_color": "Black"}, {"symbol": "DENT", "longoffset": 7, "shortoffset": 7, "lickvalue": 2066.8, "var_enabled": true, "var_staticList": true, "var_whiteList": false, "var_blackList": false, "tmp_onboarded": "1616466967878", "tmp_color": "Black"}, {"symbol": "DODO", "longoffset": 7, "shortoffset": 7, "lickvalue": 2224.25, "var_enabled": true, "var_staticList": true, "var_whiteList": false, "var_blackList": false, "tmp_onboarded": "1613615768096", "tmp_color": "Black"}, {"symbol": "DOGE", "longoffset": 7, "shortoffset": 7, "lickvalue": 2007.4, "var_enabled": true, "var_staticList": true, "var_whiteList": false, "var_blackList": false, "tmp_onboarded": "1594262168346", "tmp_color": "Black"}, {"symbol": "DOT", "longoffset": 7, "shortoffset": 7, "lickvalue": 4945.61, "var_enabled": true, "var_staticList": true, "var_whiteList": false, "var_blackList": false, "tmp_onboarded": "1597977368534", "tmp_color": "Black"}, {"symbol": "EGLD", "longoffset": 7, "shortoffset": 7, "lickvalue": 2119.75, "var_enabled": true, "var_staticList": true, "var_whiteList": false, "var_blackList": false, "tmp_onboarded": "1599964568737", "tmp_color": "Black"}, {"symbol": "ENJ", "longoffset": 7, "shortoffset": 7, "lickvalue": 2368.9, "var_enabled": true, "var_staticList": true, "var_whiteList": false, "var_blackList": false, "tmp_onboarded": "1601260568909", "tmp_color": "Black"}, {"symbol": "EOS", "longoffset": 7, "shortoffset": 7, "lickvalue": 3890.09, "var_enabled": true, "var_staticList": true, "var_whiteList": false, "var_blackList": false, "tmp_onboarded": "1578364569096", "tmp_color": "Black"}, {"symbol": "ETC", "longoffset": 7, "shortoffset": 7, "lickvalue": 4572.34, "var_enabled": true, "var_staticList": true, "var_whiteList": false, "var_blackList": false, "tmp_onboarded": "1579055769299", "tmp_color": "Black"}, {"symbol": "ETH", "longoffset": 7, "shortoffset": 7, "lickvalue": 9529.33, "var_enabled": false, "var_staticList": false, "var_whiteList": false, "var_blackList": true, "tmp_onboarded": "1574735769518", "tmp_color": "Gray"}, {"symbol": "FIL", "longoffset": 7, "shortoffset": 7, "lickvalue": 6493.18, "var_enabled": true, "var_staticList": true, "var_whiteList": false, "var_blackList": false, "tmp_onboarded": "1602729369706", "tmp_color": "Black"}, {"symbol": "FLM", "longoffset": 7, "shortoffset": 7, "lickvalue": 2063.2200000000003, "var_enabled": true, "var_staticList": true, "var_whiteList": false, "var_blackList": false, "tmp_onboarded": "1601260569878", "tmp_color": "Black"}, {"symbol": "FTM", "longoffset": 7, "shortoffset": 7, "lickvalue": 2114.8900000000003, "var_enabled": true, "var_staticList": true, "var_whiteList": false, "var_blackList": false, "tmp_onboarded": "1600828570049", "tmp_color": "Black"}, {"symbol": "GRT", "longoffset": 7, "shortoffset": 7, "lickvalue": 2236.15, "var_enabled": true, "var_staticList": true, "var_whiteList": false, "var_blackList": false, "tmp_onboarded": "1608258970221", "tmp_color": "Black"}, {"symbol": "HBAR", "longoffset": 7, "shortoffset": 7, "lickvalue": 1786.77, "var_enabled": true, "var_staticList": true, "var_whiteList": false, "var_blackList": false, "tmp_onboarded": "1615862170378", "tmp_color": "Black"}, {"symbol": "HNT", "longoffset": 7, "shortoffset": 7, "lickvalue": 1822.92, "var_enabled": true, "var_staticList": true, "var_whiteList": false, "var_blackList": false, "tmp_onboarded": "1601174170549", "tmp_color": "Black"}, {"symbol": "HOT", "longoffset": 7, "shortoffset": 7, "lickvalue": 2080.45, "var_enabled": true, "var_staticList": true, "var_whiteList": false, "var_blackList": false, "tmp_onboarded": "1616985370706", "tmp_color": "Black"}, {"symbol": "ICX", "longoffset": 7, "shortoffset": 7, "lickvalue": 2890.35, "var_enabled": true, "var_staticList": true, "var_whiteList": false, "var_blackList": false, "tmp_onboarded": "1600050970878", "tmp_color": "Black"}, {"symbol": "IOST", "longoffset": 7, "shortoffset": 7, "lickvalue": 1979.88, "var_enabled": true, "var_staticList": true, "var_whiteList": false, "var_blackList": false, "tmp_onboarded": "1582166171112", "tmp_color": "Black"}, {"symbol": "IOTA", "longoffset": 7, "shortoffset": 7, "lickvalue": 2544.05, "var_enabled": true, "var_staticList": true, "var_whiteList": false, "var_blackList": false, "tmp_onboarded": "1581388571315", "tmp_color": "Black"}, {"symbol": "KAVA", "longoffset": 7, "shortoffset": 7, "lickvalue": 2502.79, "var_enabled": true, "var_staticList": true, "var_whiteList": false, "var_blackList": false, "tmp_onboarded": "1595817371924", "tmp_color": "Black"}, {"symbol": "KNC", "longoffset": 7, "shortoffset": 7, "lickvalue": 2475.23, "var_enabled": true, "var_staticList": true, "var_whiteList": false, "var_blackList": false, "tmp_onboarded": "1592706972128", "tmp_color": "Black"}, {"symbol": "KSM", "longoffset": 7, "shortoffset": 7, "lickvalue": 2332.37, "var_enabled": true, "var_staticList": true, "var_whiteList": false, "var_blackList": false, "tmp_onboarded": "1602556572300", "tmp_color": "Black"}, {"symbol": "LINA", "longoffset": 7, "shortoffset": 7, "lickvalue": 1901.73, "var_enabled": true, "var_staticList": true, "var_whiteList": false, "var_blackList": false, "tmp_onboarded": "1616034972456", "tmp_color": "Black"}, {"symbol": "LINK", "longoffset": 7, "shortoffset": 7, "lickvalue": 4514.54, "var_enabled": true, "var_staticList": true, "var_whiteList": false, "var_blackList": false, "tmp_onboarded": "1579142172659", "tmp_color": "Black"}, {"symbol": "LIT", "longoffset": 7, "shortoffset": 7, "lickvalue": 2248.63, "var_enabled": true, "var_staticList": true, "var_whiteList": false, "var_blackList": false, "tmp_onboarded": "1613529372831", "tmp_color": "Black"}, {"symbol": "LRC", "longoffset": 7, "shortoffset": 7, "lickvalue": 2006.77, "var_enabled": true, "var_staticList": true, "var_whiteList": false, "var_blackList": false, "tmp_onboarded": "1602988573018", "tmp_color": "Black"}, {"symbol": "LTC", "longoffset": 7, "shortoffset": 7, "lickvalue": 3936.73, "var_enabled": true, "var_staticList": true, "var_whiteList": false, "var_blackList": false, "tmp_onboarded": "1578450973253", "tmp_color": "Black"}, {"symbol": "LUNA", "longoffset": 7, "shortoffset": 7, "lickvalue": 2296.71, "var_enabled": true, "var_staticList": true, "var_whiteList": false, "var_blackList": false, "tmp_onboarded": "1611714973456", "tmp_color": "Black"}, {"symbol": "MANA", "longoffset": 7, "shortoffset": 7, "lickvalue": 2160.7200000000003, "var_enabled": true, "var_staticList": true, "var_whiteList": false, "var_blackList": false, "tmp_onboarded": "1615689373596", "tmp_color": "Black"}, {"symbol": "MATIC", "longoffset": 7, "shortoffset": 7, "lickvalue": 2101.8599999999997, "var_enabled": true, "var_staticList": true, "var_whiteList": false, "var_blackList": false, "tmp_onboarded": "1603247773971", "tmp_color": "Black"}, {"symbol": "MKR", "longoffset": 7, "shortoffset": 7, "lickvalue": 2871.88, "var_enabled": true, "var_staticList": true, "var_whiteList": false, "var_blackList": false, "tmp_onboarded": "1597199774143", "tmp_color": "Black"}, {"symbol": "MTL", "longoffset": 7, "shortoffset": 7, "lickvalue": 2330.4, "var_enabled": true, "var_staticList": true, "var_whiteList": false, "var_blackList": false, "tmp_onboarded": "1617071774300", "tmp_color": "Black"}, {"symbol": "NEAR", "longoffset": 7, "shortoffset": 7, "lickvalue": 1729.15, "var_enabled": true, "var_staticList": true, "var_whiteList": false, "var_blackList": false, "tmp_onboarded": "1602642974487", "tmp_color": "Black"}, {"symbol": "NEO", "longoffset": 7, "shortoffset": 7, "lickvalue": 2196.62, "var_enabled": true, "var_staticList": true, "var_whiteList": false, "var_blackList": false, "tmp_onboarded": "1581820574690", "tmp_color": "Black"}, {"symbol": "NKN", "longoffset": 7, "shortoffset": 7, "lickvalue": 2004.87, "var_enabled": true, "var_staticList": true, "var_whiteList": false, "var_blackList": false, "tmp_onboarded": "1617876199384", "tmp_color": "Black"}, {"symbol": "OCEAN", "longoffset": 7, "shortoffset": 7, "lickvalue": 2009.83, "var_enabled": true, "var_staticList": true, "var_whiteList": false, "var_blackList": false, "tmp_onboarded": "1604284574846", "tmp_color": "Black"}, {"symbol": "OGN", "longoffset": 7, "shortoffset": 7, "lickvalue": 2623.43, "var_enabled": true, "var_staticList": true, "var_whiteList": false, "var_blackList": false, "tmp_onboarded": "1617158175034", "tmp_color": "Black"}, {"symbol": "OMG", "longoffset": 7, "shortoffset": 7, "lickvalue": 2308.06, "var_enabled": true, "var_staticList": true, "var_whiteList": false, "var_blackList": false, "tmp_onboarded": "1593570975221", "tmp_color": "Black"}, {"symbol": "ONE", "longoffset": 7, "shortoffset": 7, "lickvalue": 1761.52, "var_enabled": true, "var_staticList": true, "var_whiteList": false, "var_blackList": false, "tmp_onboarded": "1615948575362", "tmp_color": "Black"}, {"symbol": "ONT", "longoffset": 7, "shortoffset": 7, "lickvalue": 2299.46, "var_enabled": true, "var_staticList": true, "var_whiteList": false, "var_blackList": false, "tmp_onboarded": "1581302175565", "tmp_color": "Black"}, {"symbol": "QTUM", "longoffset": 7, "shortoffset": 7, "lickvalue": 2480.51, "var_enabled": true, "var_staticList": true, "var_whiteList": false, "var_blackList": false, "tmp_onboarded": "1582079775768", "tmp_color": "Black"}, {"symbol": "REEF", "longoffset": 7, "shortoffset": 7, "lickvalue": 2325.6400000000003, "var_enabled": true, "var_staticList": true, "var_whiteList": false, "var_blackList": false, "tmp_onboarded": "1613874975940", "tmp_color": "Black"}, {"symbol": "REN", "longoffset": 7, "shortoffset": 7, "lickvalue": 2221.9, "var_enabled": true, "var_staticList": true, "var_whiteList": false, "var_blackList": false, "tmp_onboarded": "1602470176112", "tmp_color": "Black"}, {"symbol": "RLC", "longoffset": 7, "shortoffset": 7, "lickvalue": 2299.23, "var_enabled": true, "var_staticList": true, "var_whiteList": false, "var_blackList": false, "tmp_onboarded": "1596076576331", "tmp_color": "Black"}, {"symbol": "RSR", "longoffset": 7, "shortoffset": 7, "lickvalue": 1823.24, "var_enabled": true, "var_staticList": true, "var_whiteList": false, "var_blackList": false, "tmp_onboarded": "1602988576503", "tmp_color": "Black"}, {"symbol": "RUNE", "longoffset": 7, "shortoffset": 7, "lickvalue": 2521.38, "var_enabled": true, "var_staticList": true, "var_whiteList": false, "var_blackList": false, "tmp_onboarded": "1599100576675", "tmp_color": "Black"}, {"symbol": "RVN", "longoffset": 7, "shortoffset": 7, "lickvalue": 2210.65, "var_enabled": true, "var_staticList": true, "var_whiteList": false, "var_blackList": false, "tmp_onboarded": "1613961376831", "tmp_color": "Black"}, {"symbol": "SAND", "longoffset": 7, "shortoffset": 7, "lickvalue": 2155.26, "var_enabled": true, "var_staticList": true, "var_whiteList": false, "var_blackList": false, "tmp_onboarded": "1611455777003", "tmp_color": "Black"}, {"symbol": "SFP", "longoffset": 7, "shortoffset": 7, "lickvalue": 2137.3599999999997, "var_enabled": true, "var_staticList": true, "var_whiteList": false, "var_blackList": false, "tmp_onboarded": "1614047777175", "tmp_color": "Black"}, {"symbol": "SKL", "longoffset": 7, "shortoffset": 7, "lickvalue": 2146.81, "var_enabled": true, "var_staticList": true, "var_whiteList": false, "var_blackList": false, "tmp_onboarded": "1607308577315", "tmp_color": "Black"}, {"symbol": "SNX", "longoffset": 7, "shortoffset": 7, "lickvalue": 3344.41, "var_enabled": true, "var_staticList": true, "var_whiteList": false, "var_blackList": false, "tmp_onboarded": "1597286177503", "tmp_color": "Black"}, {"symbol": "SOL", "longoffset": 7, "shortoffset": 7, "lickvalue": 2715.21, "var_enabled": true, "var_staticList": true, "var_whiteList": false, "var_blackList": false, "tmp_onboarded": "1599964577675", "tmp_color": "Black"}, {"symbol": "SRM", "longoffset": 7, "shortoffset": 7, "lickvalue": 2405.21, "var_enabled": true, "var_staticList": true, "var_whiteList": false, "var_blackList": false, "tmp_onboarded": "1599186977846", "tmp_color": "Black"}, {"symbol": "STMX", "longoffset": 7, "shortoffset": 7, "lickvalue": 1974.02, "var_enabled": true, "var_staticList": true, "var_whiteList": false, "var_blackList": false, "tmp_onboarded": "1616294178112", "tmp_color": "Black"}, {"symbol": "STORJ", "longoffset": 7, "shortoffset": 7, "lickvalue": 2138.5699999999997, "var_enabled": true, "var_staticList": true, "var_whiteList": false, "var_blackList": false, "tmp_onboarded": "1600137378300", "tmp_color": "Black"}, {"symbol": "SUSHI", "longoffset": 7, "shortoffset": 7, "lickvalue": 2221.38, "var_enabled": true, "var_staticList": true, "var_whiteList": false, "var_blackList": false, "tmp_onboarded": "1599100578487", "tmp_color": "Black"}, {"symbol": "SXP", "longoffset": 7, "shortoffset": 7, "lickvalue": 2177.99, "var_enabled": true, "var_staticList": true, "var_whiteList": false, "var_blackList": false, "tmp_onboarded": "1595212578753", "tmp_color": "Black"}, {"symbol": "THETA", "longoffset": 7, "shortoffset": 7, "lickvalue": 5232.57, "var_enabled": true, "var_staticList": true, "var_whiteList": false, "var_blackList": false, "tmp_onboarded": "1590460578940", "tmp_color": "Black"}, {"symbol": "TOMO", "longoffset": 7, "shortoffset": 7, "lickvalue": 2044.08, "var_enabled": true, "var_staticList": true, "var_whiteList": false, "var_blackList": false, "tmp_onboarded": "1602383779221", "tmp_color": "Black"}, {"symbol": "TRB", "longoffset": 7, "shortoffset": 7, "lickvalue": 2209.92, "var_enabled": true, "var_staticList": true, "var_whiteList": false, "var_blackList": false, "tmp_onboarded": "1599014179409", "tmp_color": "Black"}, {"symbol": "TRX", "longoffset": 7, "shortoffset": 7, "lickvalue": 4146.110000000001, "var_enabled": true, "var_staticList": true, "var_whiteList": false, "var_blackList": false, "tmp_onboarded": "1578969379643", "tmp_color": "Black"}, {"symbol": "UNFI", "longoffset": 7, "shortoffset": 7, "lickvalue": 2180.12, "var_enabled": true, "var_staticList": true, "var_whiteList": false, "var_blackList": false, "tmp_onboarded": "1613615779800", "tmp_color": "Black"}, {"symbol": "UNI", "longoffset": 7, "shortoffset": 7, "lickvalue": 5135.48, "var_enabled": true, "var_staticList": true, "var_whiteList": false, "var_blackList": false, "tmp_onboarded": "1600310179971", "tmp_color": "Black"}, {"symbol": "VET", "longoffset": 7, "shortoffset": 7, "lickvalue": 2260.83, "var_enabled": true, "var_staticList": true, "var_whiteList": false, "var_blackList": false, "tmp_onboarded": "1581561380190", "tmp_color": "Black"}, {"symbol": "WAVES", "longoffset": 7, "shortoffset": 7, "lickvalue": 2620.42, "var_enabled": true, "var_staticList": true, "var_whiteList": false, "var_blackList": false, "tmp_onboarded": "1597113380409", "tmp_color": "Black"}, {"symbol": "XEM", "longoffset": 7, "shortoffset": 7, "lickvalue": 2233.4, "var_enabled": true, "var_staticList": true, "var_whiteList": false, "var_blackList": false, "tmp_onboarded": "1614652580550", "tmp_color": "Black"}, {"symbol": "XLM", "longoffset": 7, "shortoffset": 7, "lickvalue": 4234.17, "var_enabled": true, "var_staticList": true, "var_whiteList": false, "var_blackList": false, "tmp_onboarded": "1579401380737", "tmp_color": "Black"}, {"symbol": "XMR", "longoffset": 7, "shortoffset": 7, "lickvalue": 2267.58, "var_enabled": false, "var_staticList": false, "var_whiteList": false, "var_blackList": true, "tmp_onboarded": "1580610980940", "tmp_color": "Gray"}, {"symbol": "XRP", "longoffset": 7, "shortoffset": 7, "lickvalue": 4963.52, "var_enabled": true, "var_staticList": true, "var_whiteList": false, "var_blackList": false, "tmp_onboarded": "1578191781128", "tmp_color": "Black"}, {"symbol": "XTZ", "longoffset": 7, "shortoffset": 7, "lickvalue": 4990.69, "var_enabled": true, "var_staticList": true, "var_whiteList": false, "var_blackList": false, "tmp_onboarded": "1580870181346", "tmp_color": "Black"}, {"symbol": "YFI", "longoffset": 7, "shortoffset": 7, "lickvalue": 2759.44, "var_enabled": true, "var_staticList": true, "var_whiteList": false, "var_blackList": false, "tmp_onboarded": "1598754981925", "tmp_color": "Black"}, {"symbol": "YFII", "longoffset": 7, "shortoffset": 7, "lickvalue": 2034.32, "var_enabled": true, "var_staticList": true, "var_whiteList": false, "var_blackList": false, "tmp_onboarded": "1599014182096", "tmp_color": "Black"}, {"symbol": "ZEC", "longoffset": 7, "shortoffset": 7, "lickvalue": 2705.71, "var_enabled": true, "var_staticList": true, "var_whiteList": false, "var_blackList": false, "tmp_onboarded": "1580783782284", "tmp_color": "Black"}, {"symbol": "ZEN", "longoffset": 7, "shortoffset": 7, "lickvalue": 1995.6, "var_enabled": true, "var_staticList": true, "var_whiteList": false, "var_blackList": false, "tmp_onboarded": "1606098982456", "tmp_color": "Black"}, {"symbol": "ZIL", "longoffset": 7, "shortoffset": 7, "lickvalue": 1663.62, "var_enabled": true, "var_staticList": true, "var_whiteList": false, "var_blackList": false, "tmp_onboarded": "1592361382628", "tmp_color": "Black"}, {"symbol": "ZRX", "longoffset": 7, "shortoffset": 7, "lickvalue": 2357.65, "var_enabled": true, "var_staticList": true, "var_whiteList": false, "var_blackList": false, "tmp_onboarded": "1592879782878", "tmp_color": "Black"}]}